id_purchase,date_purchase,amt_pay
13245632,9/4/2020,5150
13245633,9/6/2020,5185
13245634,7/28/2020,2565
13245635,6/11/2020,3966
13245636,7/26/2020,2670
13245637,10/3/2020,1535
13245638,9/22/2020,5465
13245639,11/4/2020,5345
13245640,11/8/2020,263
13245641,11/27/2020,1499
13245642,8/9/2020,4291
13245643,6/20/2020,4668
13245644,10/21/2020,3880
13245645,9/26/2020,4178
13245646,12/8/2020,3870
13245647,9/28/2020,2738
13245648,8/12/2020,355
13245649,8/5/2020,571
13245650,11/17/2020,1245
13245651,7/8/2020,1137
13245652,12/4/2020,1936
13245653,8/20/2020,3755
13245654,8/18/2020,1498
13245655,8/5/2020,5525
13245656,9/14/2020,3307
13245657,12/14/2020,5015
13245658,9/24/2020,5679
13245659,7/1/2020,4477
13245660,6/5/2020,2007
13245661,11/15/2020,1811
13245662,9/28/2020,2330
13245663,6/24/2020,3669
13245664,11/13/2020,849
13245665,10/23/2020,496
13245666,6/23/2020,2166
13245667,8/15/2020,4982
13245668,10/4/2020,4182
13245669,7/29/2020,465
13245670,12/22/2020,3433
13245671,8/20/2020,4688
13245672,10/30/2020,765
13245673,7/5/2020,5086
13245674,7/24/2020,5551
13245675,8/27/2020,4283
13245676,11/15/2020,5576
13245677,10/24/2020,1841
13245678,8/7/2020,2418
13245679,7/28/2020,1117
13245680,8/16/2020,2967
13245681,8/13/2020,4692
13245682,10/1/2020,4479
13245683,8/11/2020,1428
13245684,7/4/2020,2753
13245685,11/15/2020,227
13245686,8/19/2020,5812
13245687,8/14/2020,4344
13245688,7/29/2020,4443
13245689,9/22/2020,5262
13245690,7/11/2020,3796
13245691,9/18/2020,5633
13245692,10/21/2020,5027
13245693,7/3/2020,4671
13245694,7/11/2020,4823
13245695,7/3/2020,1830
13245696,7/21/2020,4814
13245697,10/8/2020,3374
13245698,9/6/2020,3536
13245699,9/25/2020,5948
13245700,10/3/2020,217
13245701,11/23/2020,1041
13245702,6/7/2020,3382
13245703,12/23/2020,5256
13245704,8/22/2020,4697
13245705,8/5/2020,3490
13245706,11/30/2020,3962
13245707,12/13/2020,3362
13245708,8/11/2020,1599
13245709,10/15/2020,403
13245710,12/7/2020,2851
13245711,7/17/2020,4705
13245712,6/14/2020,4467
13245713,6/6/2020,3755
13245714,9/9/2020,3217
13245715,9/18/2020,536
13245716,7/3/2020,4099
13245717,8/24/2020,4861
13245718,6/9/2020,2257
13245719,8/27/2020,1163
13245720,6/17/2020,4514
13245721,6/16/2020,3249
13245722,7/29/2020,3993
13245723,10/14/2020,4619
13245724,8/29/2020,3281
13245725,12/11/2020,223
13245726,9/1/2020,4695
13245727,11/24/2020,1903
13245728,10/13/2020,2487
13245729,9/3/2020,4032
13245730,12/5/2020,3641
13245731,8/18/2020,5964
13245732,6/2/2020,660
13245733,8/4/2020,1436
13245734,9/30/2020,5917
13245735,7/30/2020,285
13245736,7/4/2020,3125
13245737,7/18/2020,2596
13245738,6/6/2020,4054
13245739,7/8/2020,163
13245740,7/5/2020,360
13245741,9/14/2020,296
13245742,8/4/2020,5122
13245743,10/7/2020,4238
13245744,6/18/2020,2435
13245745,9/15/2020,798
13245746,6/16/2020,3367
13245747,6/5/2020,2248
13245748,6/26/2020,4004
13245749,8/21/2020,5511
13245750,7/30/2020,4404
13245751,8/8/2020,4365
13245752,6/23/2020,4130
13245753,6/11/2020,5836
13245754,6/29/2020,1155
13245755,12/8/2020,5956
13245756,6/14/2020,3922
13245757,8/11/2020,4309
13245758,12/28/2020,855
13245759,8/7/2020,140
13245760,8/28/2020,5959
13245761,8/21/2020,713
13245762,12/26/2020,2418
13245763,6/12/2020,2602
13245764,6/15/2020,2330
13245765,10/27/2020,5105
13245766,8/7/2020,4640
13245767,6/17/2020,2247
13245768,9/27/2020,4697
13245769,6/23/2020,5727
13245770,7/31/2020,3339
13245771,9/7/2020,1353
13245772,10/17/2020,3390
13245773,7/22/2020,1456
13245774,8/15/2020,2825
13245775,8/31/2020,277
13245776,12/9/2020,3685
13245777,7/17/2020,2571
13245778,11/6/2020,266
13245779,12/22/2020,5516
13245780,8/4/2020,2843
13245781,7/12/2020,2723
13245782,8/12/2020,4223
13245783,11/16/2020,657
13245784,7/26/2020,4634
13245785,8/20/2020,2048
13245786,7/5/2020,4494
13245787,8/19/2020,414
13245788,11/22/2020,3743
13245789,11/6/2020,4525
13245790,11/8/2020,4060
13245791,8/11/2020,2528
13245792,7/31/2020,1769
13245793,7/5/2020,4766
13245794,8/13/2020,1718
13245795,9/20/2020,147
13245796,11/25/2020,2492
13245797,11/11/2020,3087
13245798,8/21/2020,3745
13245799,12/2/2020,5650
13245800,6/1/2020,3915
13245801,9/22/2020,392
13245802,9/20/2020,5985
13245803,11/4/2020,836
13245804,6/10/2020,4993
13245805,10/1/2020,1496
13245806,7/19/2020,5998
13245807,7/11/2020,3465
13245808,7/5/2020,3816
13245809,8/15/2020,5639
13245810,8/29/2020,5108
13245811,11/8/2020,4917
13245812,9/23/2020,4148
13245813,9/6/2020,4007
13245814,7/1/2020,2287
13245815,8/9/2020,2507
13245816,9/24/2020,2645
13245817,10/17/2020,5927
13245818,12/25/2020,1720
13245819,7/5/2020,1759
13245820,9/28/2020,1186
13245821,6/25/2020,3398
13245822,7/9/2020,846
13245823,7/29/2020,1504
13245824,6/21/2020,1330
13245825,8/26/2020,870
13245826,12/28/2020,1800
13245827,9/1/2020,1054
13245828,7/5/2020,1951
13245829,6/7/2020,1792
13245830,12/21/2020,1418
13245831,6/25/2020,242
13245832,7/20/2020,635
13245833,7/6/2020,3379
13245834,11/2/2020,4611
13245835,10/3/2020,4509
13245836,7/26/2020,3038
13245837,6/25/2020,155
13245838,8/15/2020,828
13245839,6/18/2020,3784
13245840,9/27/2020,5277
13245841,8/22/2020,649
13245842,7/9/2020,4345
13245843,8/3/2020,540
13245844,12/6/2020,885
13245845,6/14/2020,110
13245846,6/14/2020,1483
13245847,7/31/2020,3401
13245848,11/27/2020,2958
13245849,12/1/2020,2301
13245850,6/7/2020,914
13245851,7/5/2020,3537
13245852,6/28/2020,2638
13245853,10/12/2020,979
13245854,6/7/2020,5931
13245855,7/24/2020,3532
13245856,7/26/2020,3185
13245857,6/27/2020,4327
13245858,12/12/2020,3347
13245859,9/28/2020,1410
13245860,9/7/2020,2979
13245861,7/17/2020,5525
13245862,8/18/2020,5989
13245863,7/6/2020,5323
13245864,11/13/2020,2017
13245865,9/15/2020,304
13245866,7/29/2020,4992
13245867,12/19/2020,4331
13245868,8/11/2020,5113
13245869,12/29/2020,3523
13245870,6/2/2020,1214
13245871,9/11/2020,5981
13245872,6/12/2020,1327
13245873,12/2/2020,5970
13245874,6/18/2020,3447
13245875,8/30/2020,218
13245876,6/30/2020,5693
13245877,11/29/2020,5429
13245878,6/7/2020,3197
13245879,8/5/2020,1911
13245880,9/1/2020,5178
13245881,7/12/2020,3867
13245882,12/10/2020,3328
13245883,9/17/2020,5766
13245884,7/9/2020,4662
13245885,7/9/2020,1931
13245886,9/25/2020,4393
13245887,6/21/2020,1514
13245888,10/30/2020,1308
13245889,7/31/2020,2121
13245890,9/20/2020,3777
13245891,9/22/2020,1114
13245892,7/31/2020,921
13245893,12/20/2020,940
13245894,9/9/2020,1404
13245895,9/3/2020,306
13245896,7/27/2020,404
13245897,7/1/2020,621
13245898,12/21/2020,1878
13245899,8/19/2020,3126
13245900,6/29/2020,3990
13245901,7/31/2020,5955
13245902,8/8/2020,1477
13245903,8/16/2020,474
13245904,6/28/2020,410
13245905,9/15/2020,1776
13245906,10/18/2020,546
13245907,12/1/2020,4742
13245908,6/27/2020,100
13245909,6/6/2020,4587
13245910,11/27/2020,769
13245911,8/16/2020,1082
13245912,7/19/2020,5940
13245913,11/16/2020,1580
13245914,11/8/2020,350
13245915,6/12/2020,5030
13245916,8/3/2020,456
13245917,6/29/2020,5939
13245918,8/6/2020,523
13245919,8/26/2020,3553
13245920,7/28/2020,4076
13245921,8/21/2020,5168
13245922,11/29/2020,5442
13245923,10/3/2020,3847
13245924,9/5/2020,3340
13245925,9/9/2020,1540
13245926,9/20/2020,632
13245927,6/28/2020,3602
13245928,11/2/2020,3904
13245929,6/23/2020,4276
13245930,7/7/2020,580
13245931,8/21/2020,2350
13245932,11/6/2020,1068
13245933,8/4/2020,421
13245934,6/26/2020,3399
13245935,11/10/2020,3328
13245936,11/8/2020,3663
13245937,6/28/2020,3624
13245938,6/23/2020,5348
13245939,12/26/2020,1489
13245940,9/17/2020,1367
13245941,6/28/2020,1110
13245942,11/17/2020,800
13245943,7/20/2020,750
13245944,8/22/2020,4283
13245945,9/7/2020,1236
13245946,10/9/2020,4649
13245947,6/17/2020,1878
13245948,7/30/2020,5432
13245949,10/2/2020,868
13245950,11/14/2020,1525
13245951,6/22/2020,4991
13245952,6/17/2020,4335
13245953,8/18/2020,5830
13245954,6/27/2020,1903
13245955,7/11/2020,5927
13245956,8/12/2020,1698
13245957,9/23/2020,544
13245958,7/9/2020,2137
13245959,8/18/2020,2281
13245960,8/21/2020,3226
13245961,9/26/2020,4405
13245962,11/21/2020,3314
13245963,9/25/2020,1022
13245964,9/20/2020,3976
13245965,10/20/2020,1366
13245966,6/2/2020,2374
13245967,11/24/2020,5416
13245968,9/16/2020,4984
13245969,10/25/2020,257
13245970,7/5/2020,3308
13245971,11/15/2020,1946
13245972,7/3/2020,2145
13245973,6/18/2020,4229
13245974,8/5/2020,285
13245975,9/12/2020,3221
13245976,6/17/2020,4057
13245977,6/10/2020,3606
13245978,12/23/2020,694
13245979,12/14/2020,2905
13245980,9/17/2020,324
13245981,8/19/2020,4129
13245982,7/15/2020,1646
13245983,9/17/2020,612
13245984,12/23/2020,101
13245985,6/18/2020,2637
13245986,6/25/2020,3467
13245987,6/26/2020,891
13245988,7/24/2020,3162
13245989,7/3/2020,4940
13245990,10/23/2020,1421
13245991,6/26/2020,2976
13245992,7/18/2020,4262
13245993,7/28/2020,5977
13245994,10/12/2020,5621
13245995,9/8/2020,5553
13245996,9/12/2020,1639
13245997,6/12/2020,5131
13245998,7/19/2020,4513
13245999,11/14/2020,180
13246000,8/28/2020,2728
13246001,11/4/2020,2432
13246002,11/22/2020,5445
13246003,6/1/2020,2784
13246004,7/11/2020,4073
13246005,8/11/2020,4470
13246006,11/21/2020,2012
13246007,9/30/2020,4891
13246008,8/31/2020,2113
13246009,9/18/2020,2702
13246010,6/20/2020,4090
13246011,8/26/2020,1586
13246012,9/25/2020,5364
13246013,11/1/2020,3990
13246014,12/10/2020,5559
13246015,6/10/2020,3584
13246016,12/14/2020,564
13246017,11/12/2020,2241
13246018,8/9/2020,4160
13246019,9/16/2020,5982
13246020,9/11/2020,3627
13246021,12/8/2020,3807
13246022,9/27/2020,1575
13246023,7/14/2020,2108
13246024,10/7/2020,1045
13246025,6/8/2020,2580
13246026,11/20/2020,950
13246027,9/17/2020,5945
13246028,6/8/2020,4964
13246029,11/9/2020,3146
13246030,8/17/2020,2474
13246031,8/23/2020,4565
13246032,10/14/2020,5263
13246033,6/24/2020,3524
13246034,9/14/2020,5578
13246035,6/1/2020,3561
13246036,7/24/2020,3506
13246037,9/11/2020,5725
13246038,6/27/2020,5972
13246039,6/14/2020,3074
13246040,6/28/2020,3060
13246041,7/29/2020,1908
13246042,10/22/2020,5529
13246043,7/31/2020,466
13246044,7/1/2020,3895
13246045,8/5/2020,2065
13246046,6/23/2020,3913
13246047,9/8/2020,5104
13246048,8/5/2020,3835
13246049,7/2/2020,1186
13246050,8/25/2020,2313
13246051,8/11/2020,1046
13246052,8/4/2020,3936
13246053,12/30/2020,4778
13246054,11/27/2020,4081
13246055,10/7/2020,2444
13246056,8/16/2020,645
13246057,8/10/2020,4053
13246058,6/16/2020,1067
13246059,10/12/2020,1499
13246060,6/13/2020,5123
13246061,9/29/2020,5764
13246062,7/21/2020,3874
13246063,12/29/2020,2313
13246064,6/7/2020,5343
13246065,8/16/2020,2193
13246066,12/9/2020,1735
13246067,11/14/2020,281
13246068,7/9/2020,5303
13246069,8/19/2020,1026
13246070,12/28/2020,5906
13246071,10/1/2020,595
13246072,10/29/2020,5274
13246073,7/31/2020,693
13246074,7/23/2020,2653
13246075,8/13/2020,495
13246076,6/12/2020,1064
13246077,9/29/2020,5624
13246078,6/17/2020,1167
13246079,9/26/2020,1267
13246080,7/13/2020,1922
13246081,12/18/2020,3578
13246082,7/19/2020,2565
13246083,6/13/2020,3151
13246084,7/15/2020,5174
13246085,9/4/2020,3690
13246086,8/2/2020,3630
13246087,10/13/2020,280
13246088,6/28/2020,2943
13246089,8/1/2020,4904
13246090,6/7/2020,2601
13246091,10/3/2020,5784
13246092,10/10/2020,5910
13246093,7/16/2020,2999
13246094,7/30/2020,2538
13246095,7/11/2020,1150
13246096,8/31/2020,4677
13246097,6/2/2020,1422
13246098,11/22/2020,1879
13246099,9/6/2020,2977
13246100,8/13/2020,1598
13246101,8/11/2020,3964
13246102,9/9/2020,5670
13246103,7/5/2020,2414
13246104,12/5/2020,4955
13246105,7/30/2020,1646
13246106,10/4/2020,4435
13246107,10/2/2020,1198
13246108,7/16/2020,923
13246109,10/7/2020,2515
13246110,6/7/2020,1888
13246111,6/19/2020,2911
13246112,6/4/2020,5772
13246113,7/4/2020,4209
13246114,9/9/2020,492
13246115,12/22/2020,5106
13246116,11/14/2020,3729
13246117,6/23/2020,866
13246118,10/8/2020,3938
13246119,12/14/2020,5558
13246120,9/8/2020,1279
13246121,8/8/2020,3375
13246122,12/21/2020,1505
13246123,9/6/2020,5509
13246124,7/5/2020,3244
13246125,11/13/2020,3863
13246126,8/14/2020,2027
13246127,6/4/2020,4564
13246128,10/23/2020,1553
13246129,7/19/2020,187
13246130,11/16/2020,4605
13246131,11/22/2020,1125
13246132,12/15/2020,5333
13246133,7/24/2020,5057
13246134,7/13/2020,3479
13246135,12/27/2020,3109
13246136,12/2/2020,1527
13246137,8/13/2020,1819
13246138,9/8/2020,820
13246139,12/30/2020,5816
13246140,7/20/2020,5244
13246141,9/21/2020,2935
13246142,11/14/2020,309
13246143,6/29/2020,2226
13246144,12/17/2020,3302
13246145,6/2/2020,374
13246146,8/2/2020,3034
13246147,11/8/2020,570
13246148,6/16/2020,4974
13246149,7/11/2020,2841
13246150,6/29/2020,1846
13246151,8/27/2020,1548
13246152,6/5/2020,2764
13246153,8/17/2020,3244
13246154,7/1/2020,1195
13246155,10/24/2020,554
13246156,12/20/2020,5262
13246157,11/8/2020,5964
13246158,6/30/2020,5853
13246159,6/14/2020,3805
13246160,9/9/2020,1435
13246161,6/10/2020,1083
13246162,9/23/2020,295
13246163,12/11/2020,5945
13246164,9/8/2020,1898
13246165,8/25/2020,3000
13246166,9/8/2020,3964
13246167,12/25/2020,1831
13246168,6/8/2020,4474
13246169,12/1/2020,680
13246170,7/2/2020,732
13246171,12/22/2020,970
13246172,7/8/2020,2760
13246173,8/7/2020,3939
13246174,9/21/2020,3221
13246175,11/27/2020,2477
13246176,12/29/2020,5109
13246177,11/29/2020,1633
13246178,9/22/2020,246
13246179,6/7/2020,4826
13246180,9/13/2020,3788
13246181,11/22/2020,223
13246182,11/26/2020,244
13246183,9/4/2020,343
13246184,11/10/2020,4670
13246185,10/10/2020,2121
13246186,7/3/2020,3354
13246187,8/9/2020,1738
13246188,10/7/2020,2416
13246189,8/12/2020,3460
13246190,8/22/2020,3727
13246191,6/3/2020,2592
13246192,7/17/2020,5377
13246193,8/3/2020,4147
13246194,9/18/2020,2464
13246195,7/13/2020,1501
13246196,8/25/2020,2322
13246197,9/4/2020,1267
13246198,9/6/2020,524
13246199,10/16/2020,2739
13246200,11/11/2020,5735
13246201,10/19/2020,4762
13246202,12/30/2020,2267
13246203,9/2/2020,721
13246204,9/22/2020,3553
13246205,7/29/2020,3013
13246206,7/28/2020,3355
13246207,8/2/2020,858
13246208,9/18/2020,242
13246209,6/26/2020,1862
13246210,6/4/2020,2464
13246211,9/6/2020,1200
13246212,8/12/2020,3857
13246213,9/5/2020,3347
13246214,7/19/2020,2746
13246215,8/21/2020,4265
13246216,9/28/2020,2759
13246217,11/20/2020,2955
13246218,8/23/2020,6000
13246219,7/26/2020,4200
13246220,11/23/2020,866
13246221,10/3/2020,4395
13246222,8/20/2020,4184
13246223,8/22/2020,3213
13246224,6/8/2020,2426
13246225,9/30/2020,5176
13246226,10/30/2020,3555
13246227,9/5/2020,2733
13246228,7/9/2020,2344
13246229,6/4/2020,4263
13246230,12/28/2020,1893
13246231,7/4/2020,3404
13246232,12/9/2020,3873
13246233,9/23/2020,2493
13246234,6/4/2020,4907
13246235,8/25/2020,3500
13246236,6/21/2020,149
13246237,7/21/2020,4123
13246238,8/2/2020,5173
13246239,11/23/2020,4803
13246240,7/13/2020,3273
13246241,9/11/2020,3530
13246242,9/1/2020,2066
13246243,6/13/2020,5036
13246244,6/8/2020,1228
13246245,8/6/2020,5548
13246246,9/16/2020,1026
13246247,8/20/2020,4208
13246248,10/27/2020,5737
13246249,11/9/2020,5837
13246250,11/15/2020,5926
13246251,7/30/2020,5812
13246252,7/10/2020,1709
13246253,7/15/2020,1917
13246254,7/1/2020,3658
13246255,7/24/2020,1569
13246256,12/7/2020,1927
13246257,11/25/2020,3641
13246258,10/29/2020,593
13246259,12/30/2020,3739
13246260,8/24/2020,1417
13246261,6/21/2020,1758
13246262,7/8/2020,4188
13246263,10/14/2020,5006
13246264,11/8/2020,3637
13246265,10/19/2020,4254
13246266,6/27/2020,5910
13246267,11/29/2020,428
13246268,7/21/2020,5692
13246269,7/4/2020,5869
13246270,7/21/2020,1438
13246271,6/16/2020,1235
13246272,10/31/2020,1585
13246273,9/20/2020,2539
13246274,11/7/2020,5202
13246275,6/20/2020,789
13246276,8/25/2020,5646
13246277,8/13/2020,140
13246278,6/18/2020,3953
13246279,7/5/2020,1125
13246280,6/16/2020,836
13246281,8/7/2020,1970
13246282,9/3/2020,2877
13246283,6/13/2020,2196
13246284,9/25/2020,1983
13246285,9/15/2020,242
13246286,11/24/2020,5703
13246287,6/21/2020,554
13246288,6/16/2020,2764
13246289,7/27/2020,253
13246290,9/14/2020,1320
13246291,6/25/2020,1271
13246292,10/16/2020,5672
13246293,12/6/2020,1765
13246294,8/20/2020,312
13246295,7/3/2020,5993
13246296,10/29/2020,4682
13246297,6/19/2020,5406
13246298,7/20/2020,4184
13246299,8/18/2020,1053
13246300,8/24/2020,5676
13246301,10/23/2020,1935
13246302,8/27/2020,2572
13246303,9/2/2020,3386
13246304,6/28/2020,232
13246305,10/17/2020,3807
13246306,11/4/2020,4638
13246307,8/10/2020,1139
13246308,11/18/2020,4706
13246309,7/10/2020,4889
13246310,9/16/2020,4965
13246311,12/24/2020,2502
13246312,9/20/2020,341
13246313,10/1/2020,2146
13246314,9/21/2020,3607
13246315,6/22/2020,4445
13246316,9/23/2020,704
13246317,7/12/2020,3061
13246318,11/4/2020,1832
13246319,7/11/2020,3046
13246320,10/12/2020,1368
13246321,8/26/2020,5397
13246322,8/29/2020,204
13246323,7/28/2020,4120
13246324,7/3/2020,261
13246325,12/23/2020,3596
13246326,6/1/2020,3763
13246327,10/22/2020,4269
13246328,11/24/2020,1455
13246329,6/7/2020,2928
13246330,9/22/2020,2170
13246331,6/9/2020,1504
13246332,12/30/2020,5664
13246333,7/28/2020,1409
13246334,12/10/2020,5513
13246335,8/28/2020,1604
13246336,9/11/2020,5467
13246337,7/3/2020,5670
13246338,8/27/2020,975
13246339,9/20/2020,3103
13246340,6/2/2020,5039
13246341,8/29/2020,1169
13246342,10/14/2020,3936
13246343,8/21/2020,5194
13246344,7/31/2020,1182
13246345,6/22/2020,5309
13246346,8/22/2020,4347
13246347,7/9/2020,1009
13246348,12/20/2020,5480
13246349,12/30/2020,4790
13246350,7/17/2020,1418
13246351,9/10/2020,1186
13246352,9/8/2020,4947
13246353,7/24/2020,5628
13246354,6/10/2020,1819
13246355,11/25/2020,1650
13246356,8/15/2020,2580
13246357,9/20/2020,5091
13246358,7/19/2020,5912
13246359,7/25/2020,4234
13246360,8/18/2020,3664
13246361,11/29/2020,5976
13246362,6/27/2020,5552
13246363,9/1/2020,2188
13246364,7/28/2020,416
13246365,9/25/2020,3486
13246366,6/5/2020,5521
13246367,11/13/2020,2517
13246368,11/9/2020,5842
13246369,9/9/2020,1159
13246370,8/16/2020,759
13246371,7/24/2020,5052
13246372,12/13/2020,2057
13246373,8/25/2020,1005
13246374,10/17/2020,5444
13246375,10/30/2020,2781
13246376,8/25/2020,3805
13246377,6/13/2020,186
13246378,12/26/2020,191
13246379,6/29/2020,4732
13246380,9/16/2020,4993
13246381,11/24/2020,4529
13246382,9/9/2020,1063
13246383,12/14/2020,4454
13246384,12/28/2020,2606
13246385,7/12/2020,2905
13246386,8/1/2020,3201
13246387,9/9/2020,4380
13246388,8/8/2020,1786
13246389,7/18/2020,1262
13246390,12/23/2020,2797
13246391,11/26/2020,4525
13246392,6/15/2020,198
13246393,8/18/2020,3605
13246394,8/14/2020,5028
13246395,7/13/2020,3746
13246396,8/29/2020,1725
13246397,8/16/2020,4640
13246398,11/10/2020,3275
13246399,8/4/2020,5892
13246400,8/28/2020,1150
13246401,8/17/2020,5579
13246402,8/27/2020,5501
13246403,7/6/2020,3001
13246404,12/21/2020,5851
13246405,6/18/2020,2312
13246406,9/17/2020,1627
13246407,7/11/2020,4023
13246408,6/6/2020,1214
13246409,10/19/2020,5055
13246410,11/24/2020,5339
13246411,8/3/2020,2931
13246412,8/13/2020,2848
13246413,10/6/2020,4950
13246414,6/8/2020,4398
13246415,7/11/2020,4193
13246416,9/26/2020,5629
13246417,9/2/2020,903
13246418,7/3/2020,2159
13246419,10/1/2020,3717
13246420,7/17/2020,5354
13246421,8/14/2020,1088
13246422,6/23/2020,5117
13246423,11/18/2020,4445
13246424,6/14/2020,581
13246425,12/15/2020,2110
13246426,10/12/2020,2180
13246427,8/26/2020,5192
13246428,11/23/2020,3609
13246429,12/14/2020,2612
13246430,8/13/2020,657
13246431,12/21/2020,2708
13246432,9/14/2020,4537
13246433,12/17/2020,2045
13246434,6/13/2020,1151
13246435,6/15/2020,4683
13246436,6/9/2020,2389
13246437,9/28/2020,4105
13246438,7/13/2020,2523
13246439,9/1/2020,1623
13246440,9/17/2020,2283
13246441,8/13/2020,5399
13246442,6/6/2020,1002
13246443,11/24/2020,5446
13246444,7/20/2020,1096
13246445,6/11/2020,3370
13246446,6/19/2020,5053
13246447,12/5/2020,5358
13246448,7/13/2020,1954
13246449,6/22/2020,4046
13246450,12/29/2020,4544
13246451,9/25/2020,1860
13246452,8/19/2020,3866
13246453,6/4/2020,4937
13246454,9/14/2020,4572
13246455,11/10/2020,3141
13246456,9/30/2020,5771
13246457,6/15/2020,4725
13246458,9/5/2020,4970
13246459,8/22/2020,527
13246460,12/14/2020,445
13246461,7/12/2020,3998
13246462,11/13/2020,3548
13246463,7/2/2020,4414
13246464,11/20/2020,4178
13246465,10/20/2020,4983
13246466,11/19/2020,3370
13246467,6/16/2020,2036
13246468,8/19/2020,687
13246469,7/3/2020,4084
13246470,11/5/2020,173
13246471,9/16/2020,705
13246472,12/18/2020,1709
13246473,8/2/2020,5145
13246474,9/8/2020,2011
13246475,10/24/2020,1714
13246476,12/13/2020,593
13246477,11/6/2020,4309
13246478,7/7/2020,914
13246479,7/11/2020,4927
13246480,7/19/2020,567
13246481,12/6/2020,409
13246482,6/21/2020,3664
13246483,12/24/2020,4527
13246484,9/2/2020,2870
13246485,7/22/2020,1952
13246486,12/4/2020,4572
13246487,10/4/2020,4211
13246488,7/31/2020,1631
13246489,6/11/2020,2586
13246490,9/2/2020,5749
13246491,8/1/2020,2464
13246492,11/8/2020,1392
13246493,8/8/2020,5130
13246494,12/5/2020,1824
13246495,7/5/2020,866
13246496,9/11/2020,2762
13246497,9/26/2020,5277
13246498,6/18/2020,5113
13246499,8/10/2020,5040
13246500,6/11/2020,562
13246501,12/27/2020,5292
13246502,8/26/2020,1653
13246503,9/30/2020,3183
13246504,8/16/2020,2766
13246505,12/8/2020,2423
13246506,9/10/2020,5839
13246507,6/2/2020,2856
13246508,9/22/2020,3483
13246509,9/14/2020,3222
13246510,7/8/2020,5412
13246511,6/22/2020,2349
13246512,11/16/2020,5929
13246513,7/16/2020,4188
13246514,8/29/2020,1350
13246515,9/26/2020,2140
13246516,6/20/2020,2849
13246517,7/7/2020,4735
13246518,7/17/2020,5305
13246519,8/16/2020,3825
13246520,12/15/2020,2863
13246521,6/19/2020,2863
13246522,10/3/2020,5053
13246523,10/31/2020,4433
13246524,8/16/2020,1264
13246525,11/11/2020,5230
13246526,10/22/2020,951
13246527,6/1/2020,5682
13246528,10/28/2020,5038
13246529,9/29/2020,1123
13246530,7/10/2020,768
13246531,7/22/2020,2878
13246532,9/2/2020,3016
13246533,6/28/2020,3202
13246534,7/6/2020,1519
13246535,12/11/2020,5267
13246536,8/4/2020,1645
13246537,6/4/2020,4055
13246538,12/5/2020,2343
13246539,11/23/2020,4062
13246540,11/15/2020,4204
13246541,11/4/2020,4804
13246542,6/21/2020,2668
13246543,8/30/2020,5631
13246544,11/19/2020,2870
13246545,9/9/2020,5899
13246546,6/12/2020,3050
13246547,7/6/2020,4319
13246548,7/21/2020,428
13246549,9/12/2020,2213
13246550,6/3/2020,4483
13246551,12/4/2020,4458
13246552,8/21/2020,5936
13246553,7/24/2020,302
13246554,7/6/2020,3658
13246555,11/30/2020,5287
13246556,8/9/2020,3764
13246557,9/12/2020,5445
13246558,9/25/2020,2586
13246559,12/6/2020,5210
13246560,10/31/2020,286
13246561,11/14/2020,2004
13246562,6/12/2020,1249
13246563,10/14/2020,4943
13246564,12/9/2020,5141
13246565,11/17/2020,3544
13246566,11/30/2020,1165
13246567,8/27/2020,3347
13246568,6/6/2020,3599
13246569,11/14/2020,4925
13246570,6/21/2020,3833
13246571,8/22/2020,3262
13246572,8/3/2020,1391
13246573,6/12/2020,4787
13246574,10/21/2020,4251
13246575,11/3/2020,2457
13246576,6/13/2020,4267
13246577,7/25/2020,2799
13246578,12/21/2020,851
13246579,9/24/2020,3848
13246580,9/7/2020,5111
13246581,7/23/2020,5003
13246582,7/14/2020,4514
13246583,8/29/2020,4918
13246584,9/22/2020,4956
13246585,9/1/2020,5862
13246586,10/28/2020,5951
13246587,7/4/2020,4090
13246588,6/5/2020,3628
13246589,8/28/2020,315
13246590,9/29/2020,4256
13246591,11/2/2020,3115
13246592,6/15/2020,5354
13246593,9/10/2020,1918
13246594,6/30/2020,4709
13246595,7/20/2020,1950
13246596,8/7/2020,3411
13246597,6/5/2020,3895
13246598,12/17/2020,2107
13246599,12/14/2020,1913
13246600,6/14/2020,646
13246601,6/5/2020,540
13246602,6/30/2020,1730
13246603,6/5/2020,1822
13246604,10/17/2020,4777
13246605,11/28/2020,1171
13246606,8/27/2020,2874
13246607,6/7/2020,2163
13246608,8/16/2020,312
13246609,7/7/2020,4852
13246610,12/23/2020,102
13246611,9/21/2020,4685
13246612,10/26/2020,3956
13246613,8/19/2020,1436
13246614,9/8/2020,5958
13246615,6/30/2020,1284
13246616,8/10/2020,1262
13246617,8/27/2020,4422
13246618,9/13/2020,308
13246619,7/29/2020,4841
13246620,8/19/2020,2665
13246621,8/13/2020,5268
13246622,10/11/2020,1109
13246623,8/22/2020,3200
13246624,10/16/2020,1161
13246625,8/17/2020,5467
13246626,8/14/2020,842
13246627,9/20/2020,5124
13246628,11/19/2020,3627
13246629,11/8/2020,798
13246630,6/1/2020,5759
13246631,7/15/2020,1518
13246632,8/7/2020,2343
13246633,9/7/2020,4636
13246634,6/11/2020,737
13246635,8/2/2020,496
13246636,6/7/2020,2755
13246637,10/4/2020,4499
13246638,8/1/2020,5475
13246639,12/9/2020,2720
13246640,6/6/2020,524
13246641,11/9/2020,3989
13246642,9/10/2020,3334
13246643,12/6/2020,3380
13246644,6/17/2020,5675
13246645,10/4/2020,4757
13246646,12/21/2020,2377
13246647,8/11/2020,1869
13246648,11/27/2020,5069
13246649,6/13/2020,3842
13246650,7/24/2020,1601
13246651,12/21/2020,4659
13246652,11/15/2020,3902
13246653,11/21/2020,4174
13246654,6/6/2020,4872
13246655,12/23/2020,724
13246656,8/11/2020,3791
13246657,6/29/2020,765
13246658,8/6/2020,3625
13246659,7/12/2020,5171
13246660,10/11/2020,3634
13246661,7/23/2020,1581
13246662,7/6/2020,1488
13246663,8/22/2020,4110
13246664,9/3/2020,1806
13246665,10/4/2020,4995
13246666,10/20/2020,5499
13246667,8/11/2020,4994
13246668,7/24/2020,2368
13246669,12/28/2020,181
13246670,7/27/2020,2448
13246671,8/15/2020,3417
13246672,6/21/2020,2636
13246673,8/17/2020,2181
13246674,6/24/2020,2098
13246675,7/24/2020,1325
13246676,6/2/2020,3647
13246677,10/9/2020,5811
13246678,9/26/2020,1847
13246679,10/12/2020,2044
13246680,6/1/2020,3674
13246681,10/11/2020,1442
13246682,7/1/2020,1656
13246683,12/4/2020,2025
13246684,9/16/2020,1428
13246685,10/9/2020,4259
13246686,11/5/2020,5254
13246687,11/29/2020,4053
13246688,8/25/2020,3497
13246689,6/5/2020,2015
13246690,11/2/2020,5965
13246691,6/21/2020,2760
13246692,9/15/2020,5964
13246693,8/30/2020,5428
13246694,7/16/2020,5483
13246695,7/19/2020,5915
13246696,9/28/2020,2200
13246697,12/24/2020,5086
13246698,12/14/2020,5781
13246699,9/19/2020,5312
13246700,11/26/2020,5734
13246701,8/25/2020,3746
13246702,8/6/2020,3353
13246703,9/18/2020,2343
13246704,6/22/2020,1613
13246705,6/23/2020,5128
13246706,7/9/2020,5999
13246707,10/21/2020,5621
13246708,12/4/2020,1305
13246709,8/10/2020,2832
13246710,8/21/2020,1637
13246711,10/2/2020,5452
13246712,7/1/2020,462
13246713,12/8/2020,5887
13246714,9/17/2020,5409
13246715,6/19/2020,3594
13246716,12/22/2020,810
13246717,10/27/2020,1990
13246718,10/28/2020,411
13246719,9/21/2020,3357
13246720,8/4/2020,5884
13246721,8/13/2020,1263
13246722,6/25/2020,4757
13246723,8/1/2020,1853
13246724,8/30/2020,131
13246725,7/31/2020,2441
13246726,7/7/2020,4205
13246727,6/10/2020,5910
13246728,8/18/2020,1804
13246729,6/23/2020,2704
13246730,7/15/2020,2556
13246731,9/11/2020,3602
13246732,12/25/2020,2166
13246733,10/23/2020,1789
13246734,11/1/2020,3285
13246735,8/17/2020,5423
13246736,8/25/2020,1159
13246737,8/8/2020,684
13246738,9/3/2020,568
13246739,9/26/2020,1904
13246740,10/1/2020,3807
13246741,6/29/2020,5709
13246742,9/12/2020,5899
13246743,11/17/2020,5831
13246744,6/24/2020,4665
13246745,6/2/2020,95
13246746,7/17/2020,483
13246747,12/18/2020,664
13246748,12/17/2020,4225
13246749,12/23/2020,2056
13246750,6/17/2020,3215
13246751,9/22/2020,5096
13246752,9/2/2020,3926
13246753,7/15/2020,5841
13246754,9/28/2020,1167
13246755,11/12/2020,3639
13246756,9/29/2020,3152
13246757,7/20/2020,937
13246758,10/26/2020,2323
13246759,12/3/2020,5111
13246760,6/25/2020,3284
13246761,8/6/2020,3158
13246762,11/19/2020,3218
13246763,8/30/2020,1591
13246764,12/3/2020,4578
13246765,12/22/2020,3311
13246766,6/24/2020,3347
13246767,7/7/2020,4446
13246768,8/2/2020,919
13246769,6/4/2020,3596
13246770,11/3/2020,1748
13246771,7/27/2020,197
13246772,7/17/2020,5896
13246773,8/16/2020,1859
13246774,11/14/2020,1742
13246775,10/1/2020,4912
13246776,9/22/2020,982
13246777,6/23/2020,5509
13246778,9/18/2020,213
13246779,6/16/2020,318
13246780,12/17/2020,5547
13246781,12/5/2020,1671
13246782,12/27/2020,4921
13246783,9/7/2020,3014
13246784,6/2/2020,2858
13246785,9/16/2020,1864
13246786,6/16/2020,1551
13246787,8/29/2020,3214
13246788,10/8/2020,5148
13246789,12/23/2020,4990
13246790,9/4/2020,2845
13246791,12/6/2020,1319
13246792,6/4/2020,441
13246793,6/10/2020,465
13246794,9/18/2020,5697
13246795,9/16/2020,1965
13246796,6/8/2020,2776
13246797,9/14/2020,598
13246798,7/17/2020,3609
13246799,7/27/2020,1224
13246800,7/31/2020,2472
13246801,12/30/2020,4136
13246802,11/9/2020,2300
13246803,11/16/2020,3244
13246804,8/27/2020,1714
13246805,12/26/2020,1845
13246806,6/8/2020,785
13246807,11/20/2020,869
13246808,9/30/2020,2937
13246809,10/20/2020,1801
13246810,7/25/2020,2883
13246811,8/10/2020,3434
13246812,7/25/2020,1390
13246813,10/2/2020,3134
13246814,10/9/2020,3549
13246815,8/2/2020,3440
13246816,9/10/2020,582
13246817,8/12/2020,990
13246818,8/24/2020,1676
13246819,6/21/2020,1188
13246820,8/17/2020,4725
13246821,8/24/2020,1353
13246822,10/11/2020,1511
13246823,7/13/2020,1496
13246824,11/8/2020,2952
13246825,7/31/2020,5323
13246826,8/13/2020,2119
13246827,7/18/2020,5756
13246828,11/18/2020,3886
13246829,10/21/2020,3353
13246830,8/10/2020,5261
13246831,7/25/2020,4271
13246832,8/20/2020,1147
13246833,10/8/2020,156
13246834,8/18/2020,5359
13246835,6/25/2020,1887
13246836,8/27/2020,2909
13246837,10/1/2020,4376
13246838,10/20/2020,3539
13246839,10/16/2020,1417
13246840,9/9/2020,2075
13246841,11/18/2020,3190
13246842,8/12/2020,134
13246843,8/6/2020,4548
13246844,7/10/2020,5787
13246845,10/17/2020,1152
13246846,7/21/2020,910
13246847,11/11/2020,2152
13246848,8/25/2020,5717
13246849,12/11/2020,3496
13246850,6/9/2020,4923
13246851,7/7/2020,5520
13246852,6/8/2020,4988
13246853,12/16/2020,1254
13246854,11/18/2020,1565
13246855,6/12/2020,5070
13246856,6/8/2020,5307
13246857,8/5/2020,1173
13246858,10/12/2020,3418
13246859,6/13/2020,4599
13246860,8/3/2020,1440
13246861,7/27/2020,4740
13246862,9/26/2020,2031
13246863,11/22/2020,273
13246864,6/26/2020,510
13246865,7/12/2020,1966
13246866,7/28/2020,2713
13246867,6/12/2020,1343
13246868,9/18/2020,2529
13246869,6/28/2020,4359
13246870,6/22/2020,906
13246871,8/22/2020,625
13246872,7/31/2020,668
13246873,10/2/2020,2711
13246874,7/11/2020,514
13246875,6/16/2020,2937
13246876,8/30/2020,2583
13246877,6/20/2020,408
13246878,10/30/2020,3486
13246879,12/18/2020,2970
13246880,9/15/2020,2055
13246881,8/6/2020,5574
13246882,10/25/2020,4840
13246883,10/17/2020,4635
13246884,8/1/2020,2898
13246885,8/2/2020,2939
13246886,8/24/2020,3919
13246887,11/22/2020,3229
13246888,9/8/2020,5093
13246889,8/7/2020,2742
13246890,6/5/2020,1517
13246891,8/15/2020,3635
13246892,12/21/2020,112
13246893,7/26/2020,4177
13246894,9/27/2020,257
13246895,6/11/2020,3776
13246896,6/30/2020,5157
13246897,8/16/2020,1081
13246898,6/17/2020,2686
13246899,7/7/2020,3379
13246900,7/13/2020,2953
13246901,8/10/2020,4126
13246902,7/24/2020,1239
13246903,7/7/2020,3466
13246904,7/3/2020,1809
13246905,6/26/2020,4776
13246906,6/12/2020,2590
13246907,10/16/2020,747
13246908,8/13/2020,1389
13246909,6/14/2020,4302
13246910,12/8/2020,5111
13246911,7/14/2020,4975
13246912,7/18/2020,3919
13246913,10/23/2020,2572
13246914,9/8/2020,1964
13246915,8/19/2020,1153
13246916,8/16/2020,3517
13246917,12/10/2020,4701
13246918,9/23/2020,591
13246919,10/27/2020,5269
13246920,9/15/2020,1751
13246921,10/10/2020,384
13246922,10/14/2020,2635
13246923,6/5/2020,646
13246924,7/12/2020,4390
13246925,7/21/2020,1641
13246926,9/24/2020,341
13246927,10/26/2020,4735
13246928,10/25/2020,2941
13246929,8/24/2020,4401
13246930,8/28/2020,312
13246931,9/13/2020,301
13246932,8/12/2020,2060
13246933,7/31/2020,4164
13246934,6/27/2020,797
13246935,12/19/2020,1777
13246936,9/24/2020,1802
13246937,10/6/2020,3019
13246938,12/6/2020,5954
13246939,9/25/2020,5854
13246940,6/18/2020,708
13246941,10/27/2020,3020
13246942,7/31/2020,4412
13246943,9/25/2020,4498
13246944,12/4/2020,850
13246945,6/25/2020,2822
13246946,6/16/2020,1859
13246947,12/2/2020,5823
13246948,8/30/2020,4101
13246949,11/3/2020,1996
13246950,8/15/2020,3317
13246951,8/11/2020,2364
13246952,11/15/2020,3702
13246953,7/30/2020,4580
13246954,6/1/2020,3982
13246955,10/10/2020,1049
13246956,8/11/2020,5931
13246957,7/3/2020,5784
13246958,9/30/2020,2043
13246959,11/11/2020,5432
13246960,12/26/2020,4484
13246961,12/29/2020,2664
13246962,9/8/2020,4540
13246963,11/16/2020,1935
13246964,10/16/2020,5637
13246965,7/30/2020,5649
13246966,12/10/2020,2669
13246967,9/14/2020,303
13246968,8/19/2020,5974
13246969,9/10/2020,4873
13246970,10/27/2020,3802
13246971,9/6/2020,5137
13246972,9/25/2020,3738
13246973,8/21/2020,267
13246974,7/26/2020,3904
13246975,7/5/2020,4614
13246976,10/27/2020,3780
13246977,10/14/2020,4802
13246978,7/16/2020,4023
13246979,6/16/2020,4183
13246980,7/7/2020,3994
13246981,8/2/2020,1701
13246982,8/14/2020,3530
13246983,6/19/2020,1369
13246984,8/28/2020,5175
13246985,7/10/2020,5213
13246986,7/11/2020,5079
13246987,12/20/2020,1452
13246988,6/3/2020,2756
13246989,9/26/2020,2127
13246990,9/20/2020,5951
13246991,8/31/2020,4241
13246992,8/3/2020,3409
13246993,6/15/2020,1252
13246994,7/3/2020,4120
13246995,11/24/2020,5488
13246996,10/31/2020,5158
13246997,7/2/2020,4150
13246998,11/23/2020,4700
13246999,8/22/2020,3331
13247000,12/28/2020,4563
13247001,6/5/2020,5009
13247002,12/21/2020,4901
13247003,8/22/2020,617
13247004,9/12/2020,98
13247005,7/14/2020,3952
13247006,8/29/2020,527
13247007,6/19/2020,3821
13247008,7/26/2020,3337
13247009,9/21/2020,5336
13247010,6/4/2020,2559
13247011,11/9/2020,4598
13247012,8/8/2020,174
13247013,6/4/2020,1119
13247014,10/7/2020,3607
13247015,8/21/2020,2937
13247016,6/6/2020,987
13247017,7/3/2020,2826
13247018,9/9/2020,5735
13247019,9/24/2020,2930
13247020,10/5/2020,2611
13247021,10/28/2020,419
13247022,12/17/2020,1732
13247023,9/11/2020,5851
13247024,6/23/2020,587
13247025,8/24/2020,2313
13247026,6/14/2020,3790
13247027,7/16/2020,2985
13247028,8/19/2020,1629
13247029,12/24/2020,3611
13247030,11/18/2020,4709
13247031,8/23/2020,4512
13247032,11/10/2020,4314
13247033,7/28/2020,2856
13247034,6/2/2020,5719
13247035,8/16/2020,135
13247036,9/2/2020,3534
13247037,6/5/2020,4834
13247038,7/30/2020,627
13247039,6/10/2020,4455
13247040,8/11/2020,1675
13247041,6/7/2020,4845
13247042,7/5/2020,3883
13247043,8/2/2020,5630
13247044,8/1/2020,888
13247045,11/16/2020,5224
13247046,9/27/2020,905
13247047,9/29/2020,5617
13247048,11/22/2020,257
13247049,8/10/2020,1370
13247050,12/24/2020,4733
13247051,8/6/2020,4986
13247052,9/8/2020,3791
13247053,9/19/2020,2102
13247054,6/26/2020,5386
13247055,8/20/2020,1984
13247056,6/6/2020,5504
13247057,8/12/2020,1705
13247058,6/2/2020,1163
13247059,8/12/2020,5241
13247060,8/12/2020,3675
13247061,7/28/2020,4424
13247062,8/15/2020,3082
13247063,10/7/2020,2802
13247064,7/22/2020,1619
13247065,7/27/2020,3811
13247066,9/2/2020,2559
13247067,6/11/2020,4808
13247068,6/28/2020,5883
13247069,10/7/2020,1134
13247070,7/13/2020,1052
13247071,7/27/2020,2635
13247072,11/30/2020,4708
13247073,7/14/2020,449
13247074,8/10/2020,2369
13247075,6/30/2020,1658
13247076,9/17/2020,2930
13247077,11/4/2020,4423
13247078,8/3/2020,2311
13247079,9/27/2020,5057
13247080,11/20/2020,979
13247081,6/21/2020,1724
13247082,10/18/2020,5240
13247083,9/2/2020,2228
13247084,8/7/2020,4764
13247085,8/27/2020,3896
13247086,8/2/2020,3607
13247087,6/29/2020,5115
13247088,8/30/2020,2173
13247089,8/27/2020,807
13247090,8/7/2020,4915
13247091,12/11/2020,2561
13247092,11/2/2020,3638
13247093,6/3/2020,1118
13247094,9/11/2020,4974
13247095,7/17/2020,1540
13247096,8/13/2020,4070
13247097,8/3/2020,3345
13247098,9/7/2020,2593
13247099,6/12/2020,4953
13247100,8/24/2020,4915
13247101,12/25/2020,738
13247102,12/26/2020,3098
13247103,7/16/2020,3254
13247104,6/9/2020,550
13247105,6/27/2020,3698
13247106,9/8/2020,4739
13247107,8/9/2020,5926
13247108,7/9/2020,4255
13247109,6/18/2020,1835
13247110,10/18/2020,5800
13247111,7/13/2020,4442
13247112,10/8/2020,4369
13247113,12/15/2020,2025
13247114,9/7/2020,5473
13247115,9/19/2020,309
13247116,6/1/2020,3367
13247117,12/30/2020,1725
13247118,7/8/2020,5310
13247119,10/28/2020,613
13247120,9/1/2020,993
13247121,7/31/2020,4349
13247122,7/17/2020,1345
13247123,7/5/2020,2290
13247124,9/14/2020,4096
13247125,9/28/2020,1255
13247126,11/23/2020,4739
13247127,12/21/2020,2281
13247128,6/30/2020,5456
13247129,6/22/2020,1752
13247130,10/12/2020,5969
13247131,7/2/2020,5647
13247132,7/11/2020,3223
13247133,11/11/2020,2028
13247134,6/22/2020,2218
13247135,7/20/2020,4802
13247136,9/19/2020,5763
13247137,9/19/2020,2409
13247138,6/19/2020,1953
13247139,9/28/2020,4294
13247140,9/30/2020,2997
13247141,9/19/2020,3436
13247142,8/1/2020,742
13247143,11/15/2020,3883
13247144,8/5/2020,753
13247145,12/29/2020,1749
13247146,7/10/2020,1236
13247147,6/29/2020,444
13247148,12/20/2020,5868
13247149,7/30/2020,2109
13247150,8/18/2020,5252
13247151,6/12/2020,4785
13247152,6/15/2020,328
13247153,9/10/2020,3001
13247154,9/15/2020,2188
13247155,10/20/2020,2231
13247156,11/15/2020,1973
13247157,6/17/2020,2736
13247158,12/6/2020,2624
13247159,6/29/2020,958
13247160,7/27/2020,3218
13247161,9/9/2020,1015
13247162,6/3/2020,4770
13247163,10/28/2020,3280
13247164,10/11/2020,5275
13247165,8/21/2020,1549
13247166,12/15/2020,4429
13247167,7/29/2020,4711
13247168,7/14/2020,3414
13247169,10/15/2020,4854
13247170,10/16/2020,291
13247171,9/1/2020,1736
13247172,6/28/2020,5525
13247173,6/11/2020,709
13247174,12/16/2020,5810
13247175,9/5/2020,1794
13247176,11/22/2020,3048
13247177,9/16/2020,2467
13247178,6/6/2020,2813
13247179,10/14/2020,5794
13247180,11/4/2020,2980
13247181,9/25/2020,3526
13247182,7/27/2020,3000
13247183,9/22/2020,613
13247184,12/17/2020,4056
13247185,11/3/2020,4094
13247186,10/29/2020,1378
13247187,11/27/2020,4418
13247188,8/31/2020,4541
13247189,7/4/2020,5231
13247190,11/7/2020,438
13247191,6/9/2020,1621
13247192,9/23/2020,3385
13247193,8/21/2020,1587
13247194,7/31/2020,3334
13247195,6/4/2020,3297
13247196,11/16/2020,1995
13247197,9/7/2020,5371
13247198,10/28/2020,3762
13247199,10/18/2020,1426
13247200,11/17/2020,1434
13247201,7/18/2020,2562
13247202,6/7/2020,5313
13247203,8/23/2020,929
13247204,11/6/2020,914
13247205,9/3/2020,2467
13247206,6/20/2020,3451
13247207,9/15/2020,5789
13247208,12/13/2020,3204
13247209,10/6/2020,490
13247210,6/7/2020,4148
13247211,9/14/2020,1165
13247212,9/3/2020,4470
13247213,8/29/2020,1896
13247214,6/21/2020,4444
13247215,10/18/2020,3499
13247216,6/13/2020,4814
13247217,7/21/2020,3213
13247218,6/23/2020,4555
13247219,9/29/2020,5444
13247220,9/6/2020,3997
13247221,12/6/2020,3989
13247222,10/12/2020,3084
13247223,7/12/2020,4627
13247224,12/17/2020,4538
13247225,9/14/2020,645
13247226,8/13/2020,5906
13247227,7/30/2020,1135
13247228,7/18/2020,4923
13247229,10/24/2020,3724
13247230,11/10/2020,3521
13247231,8/24/2020,4506
13247232,8/5/2020,3135
13247233,9/22/2020,5379
13247234,11/9/2020,1830
13247235,6/1/2020,1651
13247236,7/18/2020,117
13247237,10/7/2020,5968
13247238,7/15/2020,4958
13247239,7/3/2020,2472
13247240,11/19/2020,5219
13247241,12/20/2020,1831
13247242,9/15/2020,1373
13247243,7/14/2020,2987
13247244,6/30/2020,3373
13247245,9/10/2020,3767
13247246,6/13/2020,2183
13247247,8/5/2020,3036
13247248,12/22/2020,1552
13247249,7/9/2020,2130
13247250,9/12/2020,4600
13247251,11/10/2020,3990
13247252,12/18/2020,2820
13247253,10/3/2020,4059
13247254,8/18/2020,4718
13247255,6/15/2020,1195
13247256,11/27/2020,2713
13247257,10/23/2020,2361
13247258,12/16/2020,1996
13247259,11/19/2020,2834
13247260,7/5/2020,3456
13247261,12/30/2020,5319
13247262,12/27/2020,3221
13247263,11/30/2020,1266
13247264,7/29/2020,2410
13247265,10/22/2020,4094
13247266,8/10/2020,4529
13247267,8/22/2020,3072
13247268,10/1/2020,4682
13247269,8/18/2020,380
13247270,12/27/2020,1719
13247271,9/14/2020,1003
13247272,8/1/2020,5032
13247273,8/21/2020,5983
13247274,6/28/2020,2859
13247275,9/12/2020,4376
13247276,8/1/2020,5220
13247277,7/6/2020,112
13247278,8/30/2020,5329
13247279,8/21/2020,3571
13247280,10/4/2020,3300
13247281,10/10/2020,3186
13247282,6/21/2020,2114
13247283,6/28/2020,2734
13247284,11/19/2020,393
13247285,6/25/2020,851
13247286,12/5/2020,375
13247287,6/6/2020,5970
13247288,9/26/2020,4894
13247289,8/9/2020,1810
13247290,6/25/2020,3258
13247291,9/27/2020,3344
13247292,6/11/2020,3421
13247293,8/21/2020,1705
13247294,12/3/2020,3550
13247295,9/29/2020,5359
13247296,9/17/2020,3657
13247297,7/2/2020,2373
13247298,10/12/2020,4370
13247299,8/28/2020,3733
13247300,9/16/2020,5402
13247301,7/27/2020,1889
13247302,8/15/2020,1287
13247303,8/3/2020,4300
13247304,8/7/2020,515
13247305,11/6/2020,4495
13247306,8/31/2020,1766
13247307,6/14/2020,5535
13247308,9/18/2020,2741
13247309,7/29/2020,5227
13247310,10/23/2020,1729
13247311,8/2/2020,5790
13247312,7/10/2020,613
13247313,10/10/2020,406
13247314,9/21/2020,221
13247315,12/3/2020,624
13247316,6/22/2020,4612
13247317,8/27/2020,5187
13247318,8/1/2020,4643
13247319,8/15/2020,4559
13247320,9/19/2020,4548
13247321,9/18/2020,2132
13247322,8/19/2020,1070
13247323,12/8/2020,3484
13247324,12/3/2020,4726
13247325,12/25/2020,1657
13247326,6/10/2020,5911
13247327,12/8/2020,4160
13247328,7/12/2020,3697
13247329,6/22/2020,367
13247330,7/7/2020,3668
13247331,9/15/2020,282
13247332,12/6/2020,1786
13247333,7/30/2020,718
13247334,11/17/2020,2531
13247335,12/20/2020,2839
13247336,7/11/2020,4360
13247337,9/30/2020,3211
13247338,6/2/2020,5013
13247339,12/25/2020,4667
13247340,8/30/2020,1717
13247341,8/22/2020,2396
13247342,9/1/2020,854
13247343,12/20/2020,4938
13247344,11/28/2020,4772
13247345,8/19/2020,4709
13247346,6/8/2020,1116
13247347,8/31/2020,2268
13247348,6/7/2020,4428
13247349,10/31/2020,4414
13247350,9/30/2020,5277
13247351,6/15/2020,3678
13247352,12/24/2020,2651
13247353,12/27/2020,2390
13247354,8/18/2020,1702
13247355,9/30/2020,2442
13247356,8/17/2020,3790
13247357,11/2/2020,2745
13247358,7/11/2020,2525
13247359,7/5/2020,2787
13247360,7/17/2020,2652
13247361,6/15/2020,1277
13247362,9/13/2020,1667
13247363,6/8/2020,3261
13247364,8/27/2020,4368
13247365,6/27/2020,4884
13247366,8/17/2020,1273
13247367,7/8/2020,720
13247368,8/28/2020,1139
13247369,9/29/2020,3007
13247370,8/12/2020,1560
13247371,12/2/2020,2103
13247372,9/18/2020,1677
13247373,11/15/2020,2490
13247374,6/1/2020,3551
13247375,11/24/2020,3871
13247376,9/23/2020,2047
13247377,11/14/2020,1610
13247378,9/20/2020,1528
13247379,11/11/2020,1285
13247380,11/22/2020,4511
13247381,10/16/2020,4333
13247382,7/28/2020,4341
13247383,9/23/2020,1758
13247384,9/22/2020,859
13247385,6/2/2020,544
13247386,6/27/2020,5337
13247387,8/18/2020,1304
13247388,7/29/2020,828
13247389,9/26/2020,1895
13247390,7/1/2020,1284
13247391,7/21/2020,5041
13247392,9/16/2020,2451
13247393,7/24/2020,4768
13247394,7/11/2020,334
13247395,7/28/2020,2070
13247396,10/3/2020,1517
13247397,12/1/2020,1053
13247398,6/30/2020,4508
13247399,10/9/2020,2805
13247400,8/5/2020,2645
13247401,8/29/2020,2228
13247402,9/8/2020,5705
13247403,8/29/2020,1924
13247404,7/16/2020,5112
13247405,7/21/2020,4650
13247406,10/17/2020,436
13247407,6/27/2020,2755
13247408,9/26/2020,830
13247409,7/4/2020,1927
13247410,9/23/2020,3374
13247411,8/22/2020,5411
13247412,12/3/2020,3370
13247413,7/10/2020,1837
13247414,12/12/2020,4612
13247415,6/26/2020,3988
13247416,7/30/2020,5415
13247417,7/22/2020,5212
13247418,7/31/2020,3480
13247419,6/21/2020,1991
13247420,12/28/2020,3171
13247421,7/29/2020,4159
13247422,9/25/2020,1841
13247423,10/31/2020,3331
13247424,9/7/2020,5664
13247425,6/3/2020,2162
13247426,10/3/2020,2835
13247427,6/22/2020,3337
13247428,8/30/2020,2314
13247429,9/24/2020,2105
13247430,8/9/2020,3140
13247431,9/5/2020,1463
13247432,8/29/2020,3553
13247433,6/11/2020,5441
13247434,9/15/2020,2398
13247435,9/29/2020,2567
13247436,9/19/2020,5172
13247437,6/14/2020,324
13247438,7/19/2020,3952
13247439,6/8/2020,1769
13247440,9/15/2020,799
13247441,12/13/2020,3249
13247442,7/11/2020,3630
13247443,6/22/2020,2747
13247444,9/14/2020,4205
13247445,10/3/2020,4380
13247446,11/27/2020,1825
13247447,7/24/2020,3527
13247448,9/24/2020,3315
13247449,8/30/2020,2295
13247450,9/21/2020,5861
13247451,10/7/2020,4482
13247452,7/9/2020,628
13247453,12/10/2020,2777
13247454,7/10/2020,2381
13247455,8/7/2020,4013
13247456,6/23/2020,3629
13247457,7/30/2020,2952
13247458,8/23/2020,2258
13247459,11/13/2020,5136
13247460,8/24/2020,1166
13247461,8/9/2020,5145
13247462,6/12/2020,5727
13247463,6/28/2020,673
13247464,10/25/2020,4016
13247465,9/1/2020,210
13247466,6/7/2020,1523
13247467,7/21/2020,3988
13247468,7/18/2020,2534
13247469,7/15/2020,584
13247470,11/10/2020,1450
13247471,12/25/2020,2899
13247472,6/29/2020,5591
13247473,6/2/2020,941
13247474,11/14/2020,5676
13247475,9/11/2020,4794
13247476,6/24/2020,5728
13247477,6/1/2020,1297
13247478,7/29/2020,1513
13247479,6/29/2020,2991
13247480,8/5/2020,1836
13247481,9/14/2020,2584
13247482,12/10/2020,2641
13247483,7/4/2020,3284
13247484,8/14/2020,4182
13247485,9/30/2020,1533
13247486,9/27/2020,2644
13247487,12/4/2020,5733
13247488,8/29/2020,4372
13247489,8/13/2020,2425
13247490,10/17/2020,1694
13247491,7/24/2020,4516
13247492,10/23/2020,4002
13247493,6/17/2020,5699
13247494,8/2/2020,315
13247495,6/23/2020,4656
13247496,11/12/2020,3578
13247497,7/31/2020,2991
13247498,7/11/2020,5064
13247499,10/9/2020,5903
13247500,7/7/2020,213
13247501,9/5/2020,5020
13247502,12/22/2020,4938
13247503,6/25/2020,2521
13247504,6/14/2020,262
13247505,10/12/2020,1710
13247506,9/26/2020,2749
13247507,6/14/2020,3827
13247508,10/12/2020,2167
13247509,9/17/2020,4913
13247510,6/23/2020,3744
13247511,8/2/2020,2058
13247512,11/9/2020,2946
13247513,7/27/2020,2573
13247514,6/10/2020,5768
13247515,12/19/2020,2893
13247516,9/14/2020,404
13247517,8/28/2020,5751
13247518,9/24/2020,160
13247519,11/11/2020,5145
13247520,11/29/2020,5406
13247521,9/8/2020,2072
13247522,7/19/2020,4209
13247523,11/28/2020,2871
13247524,6/6/2020,392
13247525,8/14/2020,5668
13247526,8/2/2020,3109
13247527,7/20/2020,2752
13247528,12/30/2020,129
13247529,10/15/2020,3297
13247530,6/15/2020,741
13247531,8/14/2020,3882
13247532,8/14/2020,4361
13247533,11/25/2020,3018
13247534,10/5/2020,347
13247535,8/14/2020,4107
13247536,10/2/2020,5853
13247537,10/21/2020,5729
13247538,6/25/2020,791
13247539,9/11/2020,4046
13247540,12/15/2020,4823
13247541,8/17/2020,781
13247542,12/19/2020,4038
13247543,6/13/2020,5484
13247544,8/24/2020,3069
13247545,8/23/2020,4987
13247546,8/30/2020,1880
13247547,9/11/2020,1869
13247548,7/23/2020,4362
13247549,9/21/2020,1248
13247550,9/24/2020,4400
13247551,9/23/2020,2017
13247552,12/23/2020,3216
13247553,8/25/2020,2807
13247554,12/16/2020,1755
13247555,9/27/2020,2102
13247556,6/21/2020,4353
13247557,9/28/2020,484
13247558,12/26/2020,1448
13247559,6/22/2020,883
13247560,9/9/2020,3183
13247561,6/19/2020,5584
13247562,8/24/2020,430
13247563,8/12/2020,3059
13247564,8/10/2020,4336
13247565,10/3/2020,4258
13247566,10/13/2020,1979
13247567,11/11/2020,4735
13247568,10/1/2020,4485
13247569,7/14/2020,1544
13247570,9/28/2020,4149
13247571,6/9/2020,318
13247572,12/22/2020,1831
13247573,7/20/2020,2760
13247574,11/15/2020,529
13247575,10/29/2020,1053
13247576,8/26/2020,4896
13247577,7/26/2020,3322
13247578,7/3/2020,1693
13247579,7/6/2020,5714
13247580,12/12/2020,3580
13247581,12/18/2020,5284
13247582,9/20/2020,1097
13247583,8/30/2020,3554
13247584,8/23/2020,2694
13247585,6/12/2020,5147
13247586,8/5/2020,3216
13247587,10/7/2020,1155
13247588,10/21/2020,1987
13247589,9/3/2020,5702
13247590,11/6/2020,4426
13247591,7/11/2020,1488
13247592,6/9/2020,3110
13247593,9/22/2020,5785
13247594,10/23/2020,409
13247595,7/19/2020,4091
13247596,10/27/2020,2598
13247597,9/3/2020,5954
13247598,8/4/2020,1011
13247599,6/27/2020,3710
13247600,10/28/2020,5476
13247601,7/25/2020,4415
13247602,9/17/2020,425
13247603,7/27/2020,4321
13247604,7/27/2020,5660
13247605,7/15/2020,4399
13247606,12/26/2020,3272
13247607,9/12/2020,1320
13247608,6/13/2020,2028
13247609,11/12/2020,5071
13247610,9/28/2020,1776
13247611,6/22/2020,5537
13247612,12/8/2020,4847
13247613,9/12/2020,4714
13247614,8/4/2020,4131
13247615,9/22/2020,1734
13247616,7/26/2020,1161
13247617,8/30/2020,453
13247618,9/13/2020,2983
13247619,6/2/2020,1068
13247620,11/18/2020,420
13247621,9/30/2020,4895
13247622,9/8/2020,2760
13247623,7/31/2020,2509
13247624,11/5/2020,2979
13247625,7/31/2020,1205
13247626,9/22/2020,5463
13247627,9/12/2020,5192
13247628,7/24/2020,1708
13247629,12/9/2020,4312
13247630,10/1/2020,696
13247631,8/21/2020,4857
13247632,9/5/2020,3995
13247633,7/2/2020,2535
13247634,8/13/2020,3365
13247635,12/4/2020,1970
